<?xml version="1.0" encoding="UTF-8"?>
<project-private xmlns="http://www.netbeans.org/ns/project-private/1">
    <editor-bookmarks xmlns="http://www.netbeans.org/ns/editor-bookmarks/2" lastBookmarkId="0"/>
    <open-files xmlns="http://www.netbeans.org/ns/projectui-open-files/2">
        <group>
            <file>file:/C:/Users/LAB-USR-LNORTE/Downloads/DGARCIA/S09_POO/src/IntegranteSeleccionFutbol.java</file>
            <file>file:/C:/Users/LAB-USR-LNORTE/Downloads/DGARCIA/S09_POO/src/Futbolista.java</file>
            <file>file:/C:/Users/LAB-USR-LNORTE/Downloads/DGARCIA/S09_POO/src/Masajista.java</file>
            <file>file:/C:/Users/LAB-USR-LNORTE/Downloads/DGARCIA/S09_POO/src/Entrenador.java</file>
            <file>file:/C:/Users/LAB-USR-LNORTE/Downloads/DGARCIA/S09_POO/src/Main1.java</file>
            <file>file:/C:/Users/LAB-USR-LNORTE/Downloads/DGARCIA/S09_POO/src/SeleccionFutbol.java</file>
        </group>
    </open-files>
</project-private>
